IP Address,Login Source,Login Date & Time
51.6.28.212,Web,"19 Jan 2018, 11:17:59"
79.77.225.213,Web,"6 May 2017, 19:36:49"
164.39.1.7,Web,"12 Jun 2017, 13:39:36"
185.89.32.41,Web,"26 Jul 2018, 20:48:16"
2.97.102.94,Web,"27 Jun 2014, 20:54:57"
164.39.1.7,Web,"18 Jul 2017, 07:56:21"
51.9.156.94,Web,"17 May 2019, 10:10:15"
185.89.32.41,Web,"8 Jul 2018, 19:27:47"
92.4.195.235,Web,"23 Mar 2017, 09:12:37"
86.191.214.246,Web,"28 Apr 2018, 14:57:47"
185.89.32.41,Web,"16 Dec 2017, 10:08:43"
79.77.225.213,Web,"6 May 2017, 19:40:03"
31.185.206.244,Web,"6 May 2019, 15:00:56"
185.89.32.41,Web,"21 Jul 2018, 09:36:23"
185.89.32.41,Web,"9 Aug 2017, 09:07:21"
79.77.226.172,Web,"1 Feb 2017, 22:18:43"
185.89.32.41,Web,"30 Dec 2017, 19:17:12"
143.159.41.239,Web,"27 Feb 2019, 07:43:20"
217.114.48.186,Web,"25 Feb 2019, 14:28:22"
217.114.49.202,Web,"13 Sep 2018, 07:49:42"
185.89.32.41,Web,"2 Jul 2018, 17:16:35"
185.89.32.41,Web,"26 May 2018, 09:36:02"
82.132.184.132,Web,"12 Jan 2019, 15:40:57"
185.89.32.41,Web,"25 Jul 2018, 10:12:47"
217.114.49.202,Web,"23 Jan 2019, 17:02:46"
92.4.195.235,Web,"26 Mar 2017, 16:51:42"
2.222.0.3,Web,"24 Mar 2018, 22:48:27"
185.89.32.41,Web,"15 Sep 2017, 15:06:54"
31.185.206.244,Web,"25 Apr 2019, 08:08:34"
217.114.49.202,Web,"20 Aug 2018, 10:44:48"
51.9.156.124,Web,"23 May 2019, 14:17:22"
217.114.49.202,Web,"15 Oct 2018, 07:39:06"
148.88.201.60,Web,"10 Mar 2017, 09:46:59"
148.88.201.60,Web,"1 Apr 2016, 11:03:13"
217.114.49.202,Web,"25 Mar 2019, 15:29:45"
148.88.201.60,Web,"15 Nov 2016, 12:18:32"
217.114.49.202,Web,"12 Feb 2019, 14:54:10"
148.88.201.60,Web,"2 Nov 2016, 09:53:36"
217.114.49.202,Web,"4 Dec 2018, 10:38:46"
148.88.201.60,Web,"2 Nov 2016, 09:53:37"
217.114.49.202,Web,"25 Mar 2019, 12:34:00"
164.39.1.7,Web,"5 Jul 2017, 07:41:39"
164.39.1.7,Web,"17 Jul 2017, 07:46:24"
217.114.48.186,Web,"9 Dec 2018, 18:51:50"
51.9.155.97,Web,"23 Mar 2019, 10:19:39"
217.114.49.202,Web,"10 Sep 2018, 08:45:56"
185.89.32.41,Web,"24 Oct 2017, 13:01:47"
51.9.156.124,Web,"18 May 2019, 21:07:47"
217.114.49.202,Web,"11 Feb 2019, 15:25:44"
185.89.32.41,Web,"17 May 2018, 13:54:06"
164.39.1.7,Web,"30 May 2017, 13:34:50"
82.132.184.132,Web,"12 Jan 2019, 15:41:01"
86.157.56.159,Web,"25 Dec 2017, 20:45:07"
217.114.49.202,Web,"11 Feb 2019, 09:32:47"
51.9.155.97,Web,"24 Mar 2019, 21:30:29"
148.88.170.34,Web,"5 Feb 2015, 09:56:03"
51.9.155.97,Web,"29 Mar 2019, 17:30:16"
148.88.244.153,Web,"6 Jul 2018, 13:03:48"
188.37.17.241,Web,"18 Jan 2019, 16:40:16"
143.159.247.81,Web,"14 Apr 2017, 21:53:04"
176.12.107.132,Web,"19 Jul 2017, 06:44:31"
2.28.241.17,Web,"12 Apr 2015, 10:58:23"
51.9.155.97,Web,"20 Mar 2019, 20:28:44"
82.132.212.8,Web,"11 Sep 2018, 18:55:07"
92.4.205.76,Web,"14 Mar 2017, 16:54:49"
148.88.244.111,Web,"3 Jul 2018, 15:49:54"
164.39.1.7,Web,"23 May 2017, 07:59:41"
185.205.172.154,Web,"25 Apr 2018, 08:32:09"
82.132.214.160,Web,"6 Oct 2018, 16:54:12"
86.191.214.246,Web,"29 Apr 2018, 14:54:39"
92.4.195.235,Web,"21 Mar 2017, 20:36:58"
92.22.216.227,Web,"4 Mar 2017, 15:24:22"
87.115.12.234,Web,"29 Dec 2018, 21:54:42"
86.191.214.246,Web,"29 Apr 2018, 15:01:54"
217.114.49.202,Web,"1 Oct 2018, 07:43:11"
79.77.234.130,Web,"30 Jan 2017, 18:46:56"
82.132.185.171,Web,"6 Jan 2019, 14:58:31"
92.4.195.235,Web,"22 Mar 2017, 10:47:52"
51.9.155.139,Web,"14 May 2019, 08:52:20"
185.205.172.154,Web,"3 Apr 2018, 09:43:57"
92.22.208.97,Web,"9 Jul 2017, 16:31:29"
164.39.1.7,Web,"4 Sep 2017, 09:22:40"
185.89.32.41,Web,"28 Aug 2017, 14:55:15"
217.114.49.202,Web,"3 Sep 2018, 11:45:03"
217.114.49.202,Web,"6 Aug 2018, 08:32:28"
92.22.212.16,Web,"15 Jan 2017, 17:24:37"
217.114.49.202,Web,"13 Feb 2019, 10:55:08"
217.114.48.186,Web,"16 Jul 2018, 11:57:04"
185.89.32.41,Web,"20 May 2018, 13:26:01"
84.13.155.163,Web,"8 Jan 2017, 01:18:54"
92.4.205.76,Web,"14 Mar 2017, 18:32:50"
92.4.196.205,Web,"11 Oct 2016, 13:22:55"
81.158.37.29,Web,"28 Dec 2016, 17:35:54"
217.114.49.202,Web,"1 Apr 2019, 15:19:44"
164.39.1.7,Web,"29 Jun 2017, 07:40:04"
79.77.225.213,Web,"6 May 2017, 19:39:26"
46.208.189.222,Web,"14 Apr 2019, 19:33:47"
213.137.22.9,Web,"15 Jul 2018, 17:10:43"
82.132.243.121,Web,"24 Sep 2018, 19:36:44"
185.89.32.41,Web,"10 Apr 2018, 18:57:22"
92.4.204.109,Web,"3 May 2017, 21:05:58"
82.132.185.171,Web,"6 Jan 2019, 14:41:53"
185.89.32.41,Web,"14 May 2018, 08:21:25"
92.4.201.140,Web,"3 Nov 2016, 21:45:06"
79.77.230.67,Web,"9 Mar 2017, 19:06:20"
79.77.245.7,Web,"14 Mar 2016, 20:28:38"
148.88.201.60,Web,"24 Jan 2017, 09:52:58"
79.77.227.63,Web,"11 Jun 2017, 18:18:02"
217.114.49.202,Web,"23 Jan 2019, 10:49:31"
148.88.170.34,Web,"15 Mar 2015, 19:36:28"
80.189.186.252,Web,"21 Sep 2018, 18:56:30"
92.22.223.23,Web,"11 Jan 2017, 18:40:55"
86.191.214.246,Web,"27 Apr 2018, 17:23:31"
185.89.32.41,Web,"16 Sep 2017, 15:13:18"
81.158.37.29,Web,"24 Dec 2016, 15:35:09"
185.89.32.41,Web,"29 Mar 2018, 17:56:10"
217.114.49.202,Web,"25 Mar 2019, 15:29:39"
185.205.172.154,Web,"4 May 2018, 12:13:55"
2.28.241.17,Web,"29 Mar 2015, 18:15:15"
217.114.49.202,Web,"9 Nov 2018, 17:45:07"
217.114.49.202,Web,"17 Dec 2018, 15:09:54"
146.90.98.214,Web,"28 Oct 2016, 18:13:08"
217.114.48.186,Web,"12 Oct 2018, 07:56:33"
185.89.32.41,Web,"21 Jul 2018, 09:36:19"
51.9.155.97,Web,"20 Mar 2019, 20:28:38"
51.9.156.124,Web,"28 May 2019, 07:02:14"
164.39.1.7,Web,"6 Jun 2017, 08:00:31"
92.4.197.90,Web,"23 Apr 2017, 08:03:42"
185.89.32.41,Web,"26 Apr 2018, 12:13:05"
185.89.32.41,Web,"27 Jul 2018, 17:51:24"
51.9.156.124,Web,"28 May 2019, 14:42:51"
82.132.187.235,Web,"31 Dec 2018, 15:16:35"
176.12.107.132,Web,"5 Jul 2017, 18:23:49"
84.13.149.191,Web,"4 Jun 2017, 20:20:18"
92.4.194.61,Web,"20 Apr 2017, 21:16:40"
146.90.230.246,Web,"20 Aug 2017, 14:20:06"
217.114.49.202,Web,"24 Jan 2019, 16:38:44"
51.9.155.97,Web,"11 Apr 2019, 12:45:23"
217.114.49.202,Web,"28 Jan 2019, 09:14:01"
92.4.205.76,Web,"12 Mar 2017, 16:07:48"
79.77.230.67,Web,"12 Mar 2017, 09:14:50"
79.77.227.244,Web,"26 May 2017, 19:52:29"
92.4.206.37,Web,"13 Jul 2017, 14:16:36"
51.9.155.139,Web,"13 May 2019, 12:53:16"
46.208.189.222,Web,"14 Apr 2019, 13:55:00"
79.77.230.67,Web,"11 Mar 2017, 10:14:02"
185.89.32.41,Web,"10 Apr 2018, 18:57:25"
148.88.201.60,Web,"2 Mar 2017, 10:01:05"
217.114.49.202,Web,"14 Dec 2018, 10:14:39"
84.13.151.247,Web,"3 Feb 2017, 15:59:56"
92.4.205.76,Web,"15 Mar 2017, 11:35:52"
82.132.234.251,Web,"12 Sep 2018, 18:49:16"
185.89.32.41,Web,"24 Aug 2017, 08:06:47"
217.114.49.202,Web,"18 Sep 2018, 09:02:25"
84.13.156.114,Web,"19 Feb 2017, 19:49:16"
79.77.254.4,Web,"28 Mar 2017, 20:29:25"
164.39.1.7,Web,"21 Jul 2017, 13:04:07"
84.13.144.68,Web,"1 Dec 2016, 18:39:08"
185.89.32.41,Web,"1 Apr 2018, 20:20:45"
79.77.254.4,Web,"29 Mar 2017, 09:46:16"
217.114.48.186,Web,"10 Jul 2018, 12:48:16"
92.4.195.235,Web,"20 Mar 2017, 21:00:54"
51.9.155.97,Web,"27 Mar 2019, 09:53:28"
185.89.32.41,Web,"8 Jul 2018, 10:37:44"
185.89.32.41,Web,"4 Dec 2017, 21:14:06"
80.189.186.252,Web,"23 Sep 2018, 19:53:30"
92.4.195.235,Web,"22 Mar 2017, 16:54:59"
88.106.43.177,Web,"4 Feb 2015, 19:29:01"
188.220.237.201,Web,"25 Jul 2017, 20:37:06"
185.89.32.41,Web,"6 Aug 2017, 14:56:29"
92.4.205.76,Web,"12 Mar 2017, 21:00:09"
217.114.49.202,Web,"18 Feb 2019, 16:30:33"
51.6.28.212,Web,"19 Jan 2018, 11:18:00"
148.88.201.60,Web,"3 Jan 2017, 11:59:43"
188.220.237.201,Web,"22 Jul 2017, 21:47:52"
148.88.201.60,Web,"17 Nov 2016, 09:35:28"
185.89.32.41,Web,"6 Feb 2018, 19:06:49"
51.9.155.97,Web,"11 Mar 2019, 21:10:23"
92.4.196.205,Web,"12 Oct 2016, 14:35:13"
185.89.32.41,Web,"7 Apr 2018, 14:40:39"
217.114.49.202,Web,"30 Aug 2018, 08:51:59"
176.12.107.132,Web,"18 May 2017, 16:27:23"
31.185.206.244,Web,"25 Apr 2019, 08:08:39"
86.182.254.122,Web,"26 Dec 2018, 14:35:38"
51.9.156.124,Web,"21 May 2019, 08:18:45"
92.4.196.205,Web,"11 Oct 2016, 13:22:54"
185.89.32.41,Web,"4 Mar 2018, 17:09:00"
164.39.1.7,Web,"14 Jul 2017, 08:49:23"
82.132.185.171,Web,"6 Jan 2019, 14:58:41"
51.9.156.94,Web,"17 May 2019, 10:10:10"
217.114.48.186,Web,"7 Sep 2018, 12:07:16"
84.13.153.68,Web,"27 Feb 2017, 21:11:21"
164.39.1.7,Web,"13 Jun 2017, 07:42:18"
146.90.99.132,Web,"6 Jan 2017, 19:39:26"
79.77.254.4,Web,"1 Apr 2017, 17:53:01"
164.39.1.7,Web,"25 Aug 2017, 07:41:28"
82.132.234.251,Web,"12 Sep 2018, 18:49:20"
92.22.208.97,Web,"6 Jul 2017, 08:58:53"
185.89.32.41,Web,"30 Aug 2017, 20:29:17"
217.114.49.202,Web,"15 Jan 2019, 13:21:49"
164.39.1.7,Web,"7 Aug 2017, 08:26:49"
217.114.48.186,Web,"10 Jul 2018, 12:48:20"
148.88.170.34,Web,"15 Mar 2015, 18:39:13"
164.39.1.7,Web,"22 Jun 2017, 13:13:24"
185.89.32.41,Web,"6 Aug 2017, 14:56:32"
164.39.1.7,Web,"2 Jun 2017, 11:24:19"
143.159.41.239,Web,"27 Feb 2019, 07:43:08"
62.232.193.34,Web,"11 Jul 2017, 08:50:43"
146.200.141.147,Web,"21 Apr 2019, 08:37:53"
164.39.1.7,Web,"13 Jun 2017, 07:42:17"
82.132.243.121,Web,"24 Sep 2018, 19:35:52"
185.205.172.154,Web,"22 May 2018, 11:27:10"
217.114.49.202,Web,"25 Sep 2018, 10:45:11"
185.89.32.41,Web,"8 Aug 2018, 22:51:04"
92.22.219.94,Web,"29 May 2017, 17:27:37"
51.9.156.124,Web,"2 Jun 2019, 08:51:10"
51.9.156.126,Web,"24 Apr 2019, 19:21:40"
185.89.32.41,Web,"3 Aug 2017, 10:26:07"
82.132.185.171,Web,"6 Jan 2019, 14:58:24"
5.65.132.109,Web,"10 Jun 2019, 19:06:41"
82.132.185.61,Web,"30 Nov 2018, 20:42:30"
188.220.237.201,Web,"20 Jul 2017, 14:37:35"
164.39.1.7,Web,"17 Jul 2017, 07:45:05"
185.89.32.41,Web,"7 Jul 2018, 16:39:54"
82.132.243.121,Web,"24 Sep 2018, 19:36:41"
217.114.49.202,Web,"14 Feb 2019, 09:04:14"
79.77.228.121,Web,"21 Nov 2016, 19:39:52"
148.88.244.111,Web,"3 Jul 2018, 15:49:59"
217.114.49.202,Web,"24 Oct 2018, 12:32:18"
185.89.32.41,Web,"26 May 2018, 09:36:05"
31.185.206.244,Web,"3 May 2019, 16:12:51"
87.115.12.234,Web,"29 Dec 2018, 21:54:41"
185.89.32.41,Web,"8 Jul 2018, 18:07:19"
217.114.49.202,Web,"7 Dec 2018, 11:19:40"
51.9.156.94,Web,"17 May 2019, 20:06:10"
217.114.49.202,Web,"27 Sep 2018, 09:44:53"
164.39.1.7,Web,"17 Jul 2017, 07:45:07"
164.39.1.7,Web,"14 Jul 2017, 07:45:45"
51.9.24.101,Web,"27 Oct 2016, 09:52:53"
84.13.149.156,Web,"2 Jul 2017, 13:41:05"
217.114.49.202,Web,"25 Mar 2019, 12:34:13"
82.132.243.121,Web,"24 Sep 2018, 19:35:58"
217.114.49.202,Web,"26 Sep 2018, 14:17:49"
148.88.201.60,Web,"24 Jan 2017, 11:41:41"
164.39.1.7,Web,"12 Jun 2017, 12:22:03"
82.132.212.73,Web,"10 Oct 2017, 07:08:10"
79.77.239.251,Web,"18 Sep 2016, 21:21:07"
82.132.234.251,Web,"12 Sep 2018, 19:06:05"
148.88.170.34,Web,"3 Feb 2015, 15:46:49"
86.182.254.122,Web,"24 Dec 2018, 12:18:46"
87.115.12.234,Web,"21 Dec 2018, 18:14:17"
79.77.255.178,Web,"7 Feb 2017, 09:38:28"
185.89.32.41,Web,"7 Jan 2018, 07:46:10"
51.9.155.97,Web,"31 Mar 2019, 14:38:39"
92.4.196.205,Web,"11 Oct 2016, 11:45:18"
84.13.153.68,Web,"2 Mar 2017, 20:39:01"
217.114.49.202,Web,"19 Dec 2018, 15:32:54"
212.56.145.82,Web,"31 Jan 2018, 16:33:08"
92.4.195.235,Web,"23 Mar 2017, 11:46:33"
92.4.205.76,Web,"15 Mar 2017, 19:04:06"
79.77.227.63,Web,"11 Jun 2017, 14:25:26"
51.9.156.124,Web,"8 Jun 2019, 10:33:36"
148.88.201.60,Web,"9 Feb 2017, 10:43:14"
146.90.230.246,Web,"18 Aug 2017, 10:43:56"
82.132.185.171,Web,"6 Jan 2019, 14:58:43"
79.77.244.51,Web,"4 May 2016, 07:21:29"
148.88.244.153,Web,"4 Jul 2018, 07:45:45"
164.39.1.7,Web,"7 Jun 2017, 10:28:00"
79.77.228.121,Web,"20 Nov 2016, 17:40:14"
176.12.107.132,Web,"19 Sep 2017, 06:35:38"
164.39.1.7,Web,"19 Jul 2017, 12:23:44"
185.205.172.154,Web,"15 Mar 2018, 16:25:11"
2.28.241.17,Web,"28 Mar 2015, 11:20:55"
92.4.206.37,Web,"13 Jul 2017, 15:27:10"
148.88.201.60,Web,"16 Dec 2016, 12:26:34"
51.9.155.97,Web,"23 Mar 2019, 10:19:34"
82.132.187.10,Web,"13 Dec 2018, 21:13:57"
37.152.225.89,Web,"21 Aug 2017, 10:04:40"
217.114.49.202,Web,"8 Oct 2018, 09:03:28"
51.9.156.124,Web,"25 May 2019, 08:41:29"
217.114.49.202,Web,"1 Apr 2019, 09:44:28"
51.6.169.82,Web,"18 Apr 2019, 10:27:59"
164.39.1.7,Web,"31 Jul 2017, 07:38:13"
148.88.201.60,Web,"18 Mar 2017, 11:44:23"
195.158.103.2,Web,"5 Feb 2018, 06:26:57"
188.220.237.201,Web,"24 Jul 2017, 09:09:41"
84.13.149.156,Web,"2 Jul 2017, 18:33:24"
92.22.209.27,Web,"25 Jun 2017, 11:35:02"
194.60.106.5,Web,"28 Apr 2015, 08:34:44"
148.88.201.60,Web,"22 May 2016, 09:28:25"
92.22.208.97,Web,"6 Jul 2017, 08:58:55"
51.9.156.124,Web,"21 May 2019, 11:01:44"
185.205.172.154,Web,"13 Feb 2018, 14:38:28"
217.114.49.202,Web,"7 Jan 2019, 10:40:39"
92.22.212.16,Web,"15 Jan 2017, 14:59:51"
217.114.49.202,Web,"16 Aug 2018, 12:28:53"
164.39.1.7,Web,"8 Jun 2017, 08:07:00"
217.114.49.202,Web,"23 Aug 2018, 11:50:48"
176.12.107.132,Web,"19 May 2017, 17:03:56"
217.114.49.202,Web,"26 Sep 2018, 14:17:48"
46.208.189.222,Web,"14 Apr 2019, 19:33:23"
148.88.244.90,Web,"27 Aug 2018, 14:54:03"
82.132.187.183,Web,"27 Jan 2019, 16:00:44"
82.132.241.156,Web,"10 Jun 2017, 16:50:59"
51.9.155.139,Web,"13 May 2019, 12:53:21"
217.114.49.202,Web,"18 Dec 2018, 13:19:32"
84.13.149.191,Web,"4 Jun 2017, 20:20:20"
217.114.48.186,Web,"10 Jul 2018, 12:48:26"
92.4.206.37,Web,"13 Jul 2017, 08:34:04"
51.9.155.97,Web,"5 Apr 2019, 10:21:36"
185.89.32.41,Web,"8 Jul 2018, 19:27:48"
217.114.49.202,Web,"14 Jan 2019, 09:57:36"
185.89.32.41,Web,"17 May 2018, 10:27:10"
92.22.212.84,Web,"14 Nov 2016, 16:45:04"
51.9.24.122,Web,"23 Nov 2016, 10:00:53"
164.39.1.7,Web,"30 Jun 2017, 09:47:38"
217.114.49.202,Web,"19 Feb 2019, 12:19:14"
217.114.48.186,Web,"9 Jul 2018, 10:59:29"
185.89.32.41,Web,"2 Jan 2018, 23:05:29"
185.89.32.41,Web,"31 May 2018, 12:27:05"
217.114.48.186,Web,"1 Sep 2018, 16:47:27"
217.114.48.186,Web,"17 Jul 2018, 11:00:44"
84.13.144.68,Web,"1 Dec 2016, 18:39:04"
217.114.49.202,Web,"2 Jan 2019, 12:23:15"
46.208.189.222,Web,"16 Apr 2019, 12:09:13"
194.60.106.5,Web,"27 Apr 2015, 08:08:11"
148.88.201.60,Web,"31 Oct 2016, 14:19:58"
217.114.49.202,Web,"14 Sep 2018, 10:21:56"
148.88.201.60,Web,"4 Nov 2016, 10:19:23"
217.114.49.202,Web,"3 Dec 2018, 09:48:54"
84.13.152.28,Web,"6 Mar 2017, 22:53:24"
148.88.201.60,Web,"20 Mar 2017, 12:09:03"
185.89.32.41,Web,"6 May 2018, 07:33:04"
79.77.227.49,Web,"10 Jun 2017, 14:55:11"
143.159.41.239,Web,"1 Mar 2019, 17:22:24"
79.77.228.121,Web,"21 Nov 2016, 18:27:10"
84.13.154.184,Web,"25 Jan 2017, 22:04:23"
87.115.12.234,Web,"20 Dec 2018, 19:13:36"
164.39.1.7,Web,"2 Jun 2017, 11:24:16"
188.220.237.201,Web,"18 Jul 2017, 19:40:19"
176.12.107.132,Web,"7 Jul 2017, 07:10:26"
51.6.169.82,Web,"17 Apr 2019, 16:08:32"
79.77.254.4,Web,"29 Mar 2017, 09:46:17"
185.89.32.41,Web,"31 Jul 2018, 21:13:53"
146.200.141.147,Web,"19 Apr 2019, 18:51:47"
82.132.185.171,Web,"6 Jan 2019, 14:58:25"
146.200.141.147,Web,"19 Apr 2019, 18:51:36"
82.132.243.97,Web,"29 Sep 2018, 19:01:17"
82.132.185.53,Web,"5 Jan 2019, 15:28:03"
87.115.12.234,Web,"20 Dec 2018, 19:13:43"
185.205.172.154,Web,"7 Feb 2018, 13:19:24"
148.88.170.34,Web,"26 Jan 2015, 17:43:58"
164.39.1.7,Web,"23 Jun 2017, 11:07:12"
51.9.156.126,Web,"22 Apr 2019, 16:26:11"
146.200.141.147,Web,"20 Apr 2019, 18:54:50"
84.13.149.171,Web,"10 Jan 2017, 13:38:57"
92.22.208.97,Web,"9 Jul 2017, 16:00:29"
79.77.227.49,Web,"10 Jun 2017, 19:51:45"
185.89.32.41,Web,"5 Mar 2018, 08:01:04"
92.22.217.43,Web,"9 Jun 2017, 20:45:00"
185.89.32.41,Web,"17 Apr 2018, 09:59:18"
51.9.156.124,Web,"29 May 2019, 10:30:49"
148.88.201.60,Web,"18 Nov 2016, 12:26:15"
217.114.49.202,Web,"4 Jan 2019, 10:56:27"
80.189.186.252,Web,"23 Sep 2018, 17:51:01"
185.89.32.41,Web,"20 May 2018, 13:26:02"
84.13.150.136,Web,"19 Apr 2017, 17:10:07"
185.89.32.41,Web,"8 Jul 2018, 19:27:43"
148.88.244.111,Web,"3 Jul 2018, 15:49:57"
185.205.172.154,Web,"25 Apr 2018, 08:32:10"
92.22.219.94,Web,"28 May 2017, 14:02:45"
217.114.49.202,Web,"25 Sep 2018, 10:45:18"
217.114.49.202,Web,"21 Sep 2018, 08:45:21"
51.9.155.97,Web,"30 Mar 2019, 07:52:56"
51.9.155.97,Web,"27 Mar 2019, 09:52:02"
217.114.49.202,Web,"7 Feb 2019, 09:49:52"
92.4.195.235,Web,"22 Mar 2017, 09:19:04"
217.114.49.202,Web,"6 Sep 2018, 08:38:03"
82.132.186.45,Web,"10 Feb 2019, 20:58:20"
92.4.195.235,Web,"22 Mar 2017, 18:45:36"
82.132.185.16,Web,"26 Jan 2019, 20:05:45"
164.39.1.7,Web,"7 Jun 2017, 10:26:37"
84.13.149.171,Web,"10 Jan 2017, 13:24:33"
185.89.32.41,Web,"2 May 2018, 19:02:32"
217.114.49.202,Web,"20 Feb 2019, 15:28:59"
217.114.49.202,Web,"25 Mar 2019, 16:23:42"
46.208.189.222,Web,"14 Apr 2019, 15:30:17"
84.13.153.68,Web,"2 Mar 2017, 17:54:01"
185.205.172.154,Web,"18 May 2018, 10:24:47"
185.89.32.41,Web,"24 Nov 2017, 17:34:12"
188.37.17.241,Web,"20 Jan 2019, 18:45:17"
188.220.237.201,Web,"22 Jul 2017, 15:50:41"
185.205.172.154,Web,"21 May 2018, 08:54:00"
92.22.209.27,Web,"26 Jun 2017, 19:13:24"
164.39.1.7,Web,"22 May 2017, 12:27:19"
185.89.32.41,Web,"22 Jul 2018, 13:47:23"
164.39.1.7,Web,"13 Jun 2017, 09:38:57"
185.89.32.41,Web,"15 Apr 2018, 07:52:09"
82.132.243.97,Web,"29 Sep 2018, 19:01:42"
92.4.205.76,Web,"13 Mar 2017, 21:19:49"
51.9.156.94,Web,"16 May 2019, 12:53:20"
217.114.49.202,Web,"9 Dec 2018, 16:52:21"
82.132.186.45,Web,"10 Feb 2019, 20:58:29"
82.132.243.97,Web,"29 Sep 2018, 19:01:46"
164.39.1.7,Web,"9 Jun 2017, 13:28:11"
185.89.32.41,Web,"17 Apr 2018, 07:53:07"
164.39.1.7,Web,"27 Jun 2017, 08:41:07"
51.9.156.126,Web,"22 Apr 2019, 16:26:03"
185.89.32.41,Web,"10 Sep 2017, 18:39:42"
92.22.208.103,Web,"15 Jun 2017, 18:23:15"
92.22.209.27,Web,"26 Jun 2017, 19:13:22"
51.9.156.94,Web,"17 May 2019, 20:06:14"
217.114.49.202,Web,"30 Jan 2019, 13:59:08"
185.89.32.41,Web,"5 Mar 2018, 08:01:07"
185.89.32.41,Web,"10 Apr 2018, 18:57:23"
217.114.49.202,Web,"23 Jan 2019, 10:49:29"
79.77.255.178,Web,"7 Feb 2017, 21:46:56"
92.4.205.76,Web,"18 Mar 2017, 01:08:46"
194.60.106.5,Web,"17 Apr 2015, 07:53:51"
185.89.32.41,Web,"20 May 2018, 13:26:06"
92.22.219.94,Web,"28 May 2017, 11:32:19"
51.9.155.97,Web,"11 Apr 2019, 12:45:28"
2.28.241.17,Web,"28 Mar 2015, 21:35:15"
217.114.48.186,Web,"17 Jul 2018, 15:31:44"
51.9.156.124,Web,"23 May 2019, 14:17:20"
164.39.1.7,Web,"20 Jun 2017, 09:51:23"
217.114.49.202,Web,"8 Aug 2018, 08:45:31"
84.13.154.184,Web,"25 Jan 2017, 21:27:00"
185.89.32.41,Web,"22 Jul 2018, 13:47:38"
146.90.98.214,Web,"29 Oct 2016, 16:39:11"
148.88.201.60,Web,"20 Feb 2017, 11:11:10"
88.106.43.177,Web,"4 Feb 2015, 20:05:38"
146.90.98.165,Web,"22 Jan 2017, 21:48:19"
31.185.206.244,Web,"6 May 2019, 14:39:30"
185.89.32.41,Web,"31 May 2018, 09:52:11"
46.208.189.222,Web,"15 Apr 2019, 14:36:12"
217.114.49.202,Web,"4 Feb 2019, 09:52:50"
84.13.149.156,Web,"29 Jun 2017, 21:24:23"
79.77.254.4,Web,"31 Mar 2017, 09:49:46"
51.9.156.124,Web,"18 May 2019, 21:07:51"
92.22.208.97,Web,"9 Jul 2017, 16:31:30"
217.114.49.202,Web,"28 Nov 2018, 11:47:25"
51.9.156.124,Web,"4 Jun 2019, 08:57:56"
164.39.1.7,Web,"7 Aug 2017, 08:26:52"
79.173.138.58,Web,"28 Mar 2018, 08:52:14"
92.22.208.97,Web,"6 Jul 2017, 10:06:17"
92.4.206.37,Web,"13 Jul 2017, 15:27:11"
31.185.206.244,Web,"28 Apr 2019, 14:18:30"
92.4.195.235,Web,"22 Mar 2017, 09:39:18"
217.114.49.202,Web,"28 Aug 2018, 09:47:33"
164.39.1.7,Web,"18 Oct 2017, 07:59:43"
185.89.32.41,Web,"18 Oct 2017, 20:04:25"
51.9.156.94,Web,"16 May 2019, 12:53:15"
185.89.32.41,Web,"23 Apr 2018, 19:53:27"
164.39.1.7,Web,"1 Jun 2017, 13:05:21"
92.22.216.227,Web,"4 Mar 2017, 20:03:40"
46.208.189.222,Web,"14 Apr 2019, 15:29:56"
185.89.32.41,Web,"24 Oct 2017, 12:22:30"
84.13.144.68,Web,"28 Nov 2016, 10:16:25"
185.89.32.41,Web,"18 Oct 2017, 20:04:23"
217.114.49.202,Web,"13 Dec 2018, 14:01:08"
79.77.249.75,Web,"23 Mar 2016, 16:05:45"
217.114.49.202,Web,"10 Dec 2018, 10:51:54"
217.114.49.202,Web,"7 Mar 2019, 14:39:04"
185.89.32.41,Web,"14 Apr 2018, 17:44:24"
92.22.222.254,Web,"8 Apr 2017, 15:31:23"
148.88.201.60,Web,"6 Oct 2016, 09:16:21"
81.140.8.115,Web,"30 Mar 2018, 20:26:02"
164.39.1.7,Web,"21 Jul 2017, 08:23:52"
84.13.153.68,Web,"1 Mar 2017, 09:43:36"
185.89.32.41,Web,"31 May 2018, 11:57:45"
217.114.49.202,Web,"20 Jul 2018, 14:11:56"
185.89.32.41,Web,"8 Jul 2018, 19:27:49"
217.114.49.202,Web,"25 Mar 2019, 16:23:47"
188.220.237.201,Web,"23 Jul 2017, 19:22:56"
79.77.255.178,Web,"11 Feb 2017, 15:34:22"
2.222.0.3,Web,"23 Mar 2018, 17:37:14"
51.9.155.97,Web,"31 Mar 2019, 14:38:34"
217.114.49.202,Web,"18 Feb 2019, 16:34:16"
217.114.49.202,Web,"10 Aug 2018, 11:54:45"
217.114.48.186,Web,"11 Jul 2018, 09:20:44"
164.39.1.7,Web,"7 Jul 2017, 09:41:45"
185.89.32.41,Web,"10 Sep 2017, 15:08:24"
217.114.49.202,Web,"10 Aug 2018, 11:54:46"
217.114.48.186,Web,"9 Jul 2018, 11:01:33"
217.114.49.202,Web,"12 Nov 2018, 09:02:52"
194.60.106.5,Web,"21 Apr 2015, 08:52:59"
185.48.78.240,Web,"12 Jul 2018, 20:42:48"
51.9.156.124,Web,"26 May 2019, 20:00:11"
185.89.32.41,Web,"6 Aug 2017, 14:56:26"
164.39.1.7,Web,"16 Jun 2017, 10:36:11"
92.4.196.150,Web,"4 Jun 2017, 12:47:06"
185.89.32.41,Web,"23 Jul 2018, 12:59:29"
164.39.1.7,Web,"15 Jun 2017, 08:06:02"
148.88.201.60,Web,"13 Mar 2017, 10:18:03"
217.114.49.202,Web,"26 Feb 2019, 09:09:52"
92.22.216.227,Web,"4 Mar 2017, 20:03:41"
217.114.48.186,Web,"11 Jul 2018, 09:20:42"
217.114.49.202,Web,"17 Oct 2018, 08:44:41"
92.22.216.227,Web,"4 Mar 2017, 11:02:18"
185.89.32.41,Web,"8 Aug 2017, 20:39:11"
185.89.32.41,Web,"27 May 2018, 16:34:47"
92.4.205.76,Web,"14 Mar 2017, 17:36:01"
217.114.49.202,Web,"12 Sep 2018, 07:59:20"
217.114.49.202,Web,"1 Apr 2019, 09:44:24"
185.89.32.41,Web,"27 May 2018, 13:54:18"
194.60.106.5,Web,"18 May 2015, 12:58:04"
82.132.243.97,Web,"29 Sep 2018, 19:02:05"
46.208.180.85,Web,"24 Sep 2017, 18:37:24"
51.9.155.97,Web,"9 Mar 2019, 11:40:29"
51.9.155.97,Web,"24 Mar 2019, 21:34:36"
51.9.156.124,Web,"26 May 2019, 20:00:15"
185.89.32.41,Web,"15 Apr 2018, 13:32:36"
164.39.1.7,Web,"16 Jun 2017, 10:36:05"
84.13.149.191,Web,"4 Jun 2017, 20:20:19"
51.9.155.97,Web,"27 Mar 2019, 09:53:20"
185.89.32.41,Web,"6 May 2018, 07:34:34"
81.158.37.29,Web,"26 Dec 2016, 16:21:41"
164.39.1.7,Web,"17 Jul 2017, 14:44:05"
79.77.254.4,Web,"28 Mar 2017, 19:47:45"
185.89.32.41,Web,"21 May 2018, 19:27:12"
92.4.201.140,Web,"1 Nov 2016, 13:44:46"
146.200.141.147,Web,"21 Apr 2019, 08:37:57"
46.208.180.85,Web,"25 Sep 2017, 09:08:15"
79.77.230.67,Web,"11 Mar 2017, 10:14:04"
217.114.49.202,Web,"26 Jan 2019, 14:22:13"
185.89.32.41,Web,"29 Aug 2017, 08:03:06"
185.89.32.41,Web,"16 Jul 2018, 20:36:43"
164.39.1.7,Web,"16 Jun 2017, 09:18:11"
94.117.161.86,Web,"19 Feb 2017, 10:40:37"
148.88.201.60,Web,"20 Feb 2017, 12:46:35"
185.89.32.41,Web,"3 Aug 2017, 16:03:04"
92.22.212.84,Web,"7 Nov 2016, 22:11:09"
84.13.152.28,Web,"5 Mar 2017, 20:38:59"
84.13.153.68,Web,"2 Mar 2017, 19:57:41"
86.157.56.159,Web,"23 Dec 2017, 21:51:12"
185.89.32.41,Web,"20 Sep 2017, 10:22:31"
217.114.49.202,Web,"31 Aug 2018, 09:51:14"
51.9.156.126,Web,"23 Apr 2019, 07:30:56"
92.4.206.37,Web,"13 Jul 2017, 12:11:02"
213.137.22.9,Web,"15 Jul 2018, 17:10:41"
82.132.185.237,Web,"12 Jan 2019, 09:11:57"
185.205.172.154,Web,"9 Feb 2018, 12:31:04"
217.114.49.202,Web,"24 Aug 2018, 08:09:14"
164.39.1.7,Web,"15 Aug 2017, 07:38:53"
92.4.205.76,Web,"15 Mar 2017, 11:20:40"
84.13.149.191,Web,"7 Jun 2017, 22:12:42"
217.114.49.202,Web,"5 Feb 2019, 09:40:50"
217.114.49.202,Web,"23 Nov 2018, 15:05:14"
217.114.49.202,Web,"15 Aug 2018, 07:33:25"
51.9.156.124,Web,"29 May 2019, 10:30:45"
217.114.49.202,Web,"27 Jul 2018, 09:37:39"
51.9.155.139,Web,"14 May 2019, 08:52:15"
84.13.153.68,Web,"1 Mar 2017, 12:58:14"
217.114.48.186,Web,"10 Jul 2018, 12:48:13"
92.4.195.235,Web,"22 Mar 2017, 11:51:36"
217.114.49.202,Web,"23 Jan 2019, 10:49:34"
92.4.196.205,Web,"12 Oct 2016, 16:24:45"
92.4.196.205,Web,"11 Oct 2016, 14:10:04"
217.114.49.202,Web,"4 Oct 2018, 09:06:24"
217.114.49.202,Web,"7 Nov 2018, 10:32:17"
185.89.32.41,Web,"11 Feb 2018, 15:13:57"
185.89.32.41,Web,"21 Apr 2018, 14:12:51"
92.4.205.76,Web,"15 Mar 2017, 19:46:16"
146.90.230.246,Web,"20 Aug 2017, 14:20:04"
213.137.22.9,Web,"15 Jul 2018, 17:23:02"
185.89.32.41,Web,"15 Apr 2018, 07:52:11"
88.106.39.187,Web,"17 Nov 2014, 21:44:23"
92.4.206.37,Web,"15 Jul 2017, 13:09:41"
217.114.48.186,Web,"16 Jul 2018, 11:57:02"
146.90.98.214,Web,"28 Oct 2016, 14:47:39"
51.9.156.126,Web,"23 Apr 2019, 19:21:44"
31.185.206.244,Web,"28 Apr 2019, 14:18:21"
164.39.1.7,Web,"20 Jun 2017, 08:18:20"
217.114.49.202,Web,"8 Aug 2018, 08:45:28"
217.114.49.202,Web,"19 Oct 2018, 15:48:15"
185.89.32.41,Web,"4 Jan 2018, 16:10:32"
79.77.255.178,Web,"11 Feb 2017, 15:34:21"
51.9.156.124,Web,"24 May 2019, 16:25:36"
87.115.12.234,Web,"28 Dec 2018, 19:44:11"
51.9.156.124,Web,"4 Jun 2019, 08:57:53"
148.88.201.60,Web,"22 Feb 2017, 11:42:22"
2.222.0.3,Web,"23 Mar 2018, 18:29:50"
79.77.243.177,Web,"12 Feb 2017, 20:55:00"
51.9.156.126,Web,"23 Apr 2019, 09:48:45"
164.39.1.7,Web,"16 Jun 2017, 10:36:10"
92.22.222.75,Web,"21 May 2017, 12:01:24"
185.89.32.41,Web,"1 Mar 2018, 10:30:00"
82.132.184.252,Web,"14 Oct 2018, 20:02:34"
217.114.49.202,Web,"18 Mar 2019, 11:16:56"
217.114.49.202,Web,"29 Jan 2019, 09:40:30"
217.114.49.202,Web,"24 Jul 2018, 09:33:09"
217.114.49.202,Web,"7 Dec 2018, 13:55:51"
51.9.156.124,Web,"2 Jun 2019, 08:51:01"
164.39.1.7,Web,"19 Jul 2017, 12:23:42"
92.22.220.206,Web,"25 Apr 2017, 07:41:15"
84.13.149.171,Web,"10 Jan 2017, 13:38:56"
92.22.208.105,Web,"6 Apr 2017, 09:35:59"
92.4.198.5,Web,"21 Feb 2017, 21:24:04"
148.88.170.34,Web,"3 Feb 2015, 15:46:46"
79.77.230.67,Web,"9 Mar 2017, 19:24:36"
79.173.138.58,Web,"27 Mar 2018, 11:04:00"
164.39.1.7,Web,"3 Jul 2017, 08:52:16"
217.114.49.202,Web,"5 Dec 2018, 10:04:20"
164.39.1.7,Web,"16 Jun 2017, 10:36:08"
84.13.151.247,Web,"3 Feb 2017, 20:46:36"
185.89.32.41,Web,"20 May 2018, 13:26:08"
217.114.49.202,Web,"7 Nov 2018, 10:32:33"
51.9.155.97,Web,"10 Mar 2019, 13:40:46"
185.205.172.154,Web,"20 Mar 2018, 08:48:09"
185.89.32.41,Web,"15 Apr 2018, 07:52:27"
84.13.153.68,Web,"27 Feb 2017, 21:30:46"
164.39.1.7,Web,"16 Jun 2017, 07:57:20"
185.205.172.154,Web,"29 May 2018, 12:38:16"
217.114.49.202,Web,"13 Aug 2018, 08:13:52"
185.89.32.41,Web,"8 Jul 2018, 19:27:52"
185.89.32.41,Web,"17 May 2018, 10:27:11"
79.77.243.177,Web,"12 Feb 2017, 20:31:29"
79.173.138.58,Web,"26 May 2017, 08:33:31"
217.114.49.202,Web,"1 Apr 2019, 15:19:51"
51.9.156.124,Web,"25 May 2019, 08:41:52"
92.4.205.76,Web,"15 Mar 2017, 21:46:15"
217.114.49.202,Web,"18 Sep 2018, 09:02:29"
217.114.49.202,Web,"12 Sep 2018, 14:25:07"
164.39.1.7,Web,"18 May 2017, 07:45:14"
185.89.32.41,Web,"1 Jul 2018, 18:34:47"
185.89.32.41,Web,"16 Mar 2018, 12:32:33"
31.185.206.244,Web,"6 May 2019, 15:00:52"
51.9.155.97,Web,"5 Apr 2019, 10:21:27"
164.39.1.7,Web,"28 Jun 2017, 09:29:40"
185.89.32.41,Web,"7 Apr 2018, 14:40:41"
164.39.1.7,Web,"12 Jun 2017, 13:39:33"
185.89.32.41,Web,"3 Sep 2017, 19:39:50"
217.114.48.186,Web,"16 Jul 2018, 11:57:07"
164.39.1.7,Web,"21 Jun 2017, 07:45:53"
86.191.214.246,Web,"29 Apr 2018, 14:54:40"
148.88.170.34,Web,"2 Mar 2015, 12:42:21"
92.22.222.75,Web,"21 May 2017, 20:42:35"
46.208.189.222,Web,"16 Apr 2019, 16:16:40"
92.22.210.170,Web,"15 Oct 2016, 19:59:43"
146.200.141.147,Web,"20 Apr 2019, 18:54:46"
217.114.49.202,Web,"1 Feb 2019, 12:45:30"
51.9.155.97,Web,"31 Mar 2019, 11:23:00"
79.77.254.4,Web,"29 Mar 2017, 16:28:04"
92.22.214.5,Web,"23 Feb 2017, 15:50:02"
84.13.155.163,Web,"7 Jan 2017, 20:27:31"
79.77.230.67,Web,"9 Mar 2017, 17:22:51"
51.9.155.97,Web,"8 Mar 2019, 19:20:52"
217.114.48.186,Web,"4 Apr 2018, 11:21:04"
79.173.138.58,Web,"8 May 2018, 13:15:12"
217.114.49.202,Web,"3 Sep 2018, 15:53:03"
217.114.49.202,Web,"28 Aug 2018, 09:47:32"
217.114.49.202,Web,"11 Mar 2019, 10:08:46"
217.114.48.186,Web,"9 Jul 2018, 11:01:26"
164.39.1.7,Web,"25 Aug 2017, 07:41:30"
164.39.1.7,Web,"2 Jun 2017, 11:24:18"
185.89.32.41,Web,"19 Jul 2018, 08:58:31"
79.77.230.67,Web,"9 Mar 2017, 20:37:38"
185.89.32.41,Web,"21 Apr 2018, 07:20:43"
188.37.17.241,Web,"20 Jan 2019, 08:35:25"
82.132.186.45,Web,"10 Feb 2019, 20:38:59"
2.222.0.3,Web,"23 Mar 2018, 17:37:23"
164.39.1.7,Web,"17 May 2017, 12:07:59"
84.13.153.68,Web,"27 Feb 2017, 18:03:35"
92.22.216.227,Web,"4 Mar 2017, 17:40:56"
185.89.32.41,Web,"30 Jul 2017, 10:10:47"
217.114.49.202,Web,"18 Mar 2019, 11:16:47"
51.9.155.97,Web,"30 Mar 2019, 07:53:01"
92.4.205.76,Web,"18 Mar 2017, 19:51:30"
148.88.201.60,Web,"22 Feb 2017, 12:46:50"
51.9.156.124,Web,"16 Jun 2019, 15:53:29"
51.9.156.124,Web,"16 Jun 2019, 17:30:39"
51.9.156.124,Web,"17 Jun 2019, 08:51:42"
51.9.156.124,Web,"23 Jun 2019, 16:54:46"
51.9.156.124,Web,"24 Jun 2019, 11:54:04"
86.181.55.249,Web,"25 Jun 2019, 20:37:20"
85.170.216.81,Web,"11 Jul 2019, 06:18:19"
51.9.156.124,Web,"21 Jul 2019, 17:57:43"
51.9.156.124,Web,"23 Jul 2019, 12:13:40"
51.9.156.124,Web,"23 Jul 2019, 20:47:42"
51.9.156.124,Web,"29 Jul 2019, 14:51:12"
51.9.156.124,Web,"31 Jul 2019, 14:21:11"
51.9.156.124,Web,"1 Aug 2019, 10:57:04"
109.150.169.237,Web,"10 Aug 2019, 13:34:30"
109.150.169.237,Web,"13 Aug 2019, 09:30:25"
51.9.156.124,Web,"18 Aug 2019, 13:46:03"
51.9.156.124,Web,"27 Aug 2019, 10:24:22"
35.178.115.66,Web,"27 Aug 2019, 17:25:52"
35.178.115.66,Web,"27 Aug 2019, 17:26:08"
178.250.183.10,Web,"2 Sep 2019, 10:14:19"
194.73.105.197,Web,"12 Sep 2019, 20:54:03"
51.9.156.124,Web,"14 Sep 2019, 20:22:19"
51.9.156.124,Web,"24 Sep 2019, 17:35:30"
51.9.156.124,Web,"3 Oct 2019, 09:09:56"
51.9.156.124,Web,"4 Oct 2019, 20:46:35"
51.9.156.124,Web,"9 Oct 2019, 11:18:18"
51.9.156.124,Web,"17 Oct 2019, 17:45:00"
51.9.156.124,Web,"17 Oct 2019, 18:02:53"
51.9.156.124,Web,"2 Nov 2019, 22:03:23"
31.205.253.157,Web,"5 Nov 2019, 00:31:27"
31.205.253.132,Web,"5 Nov 2019, 08:27:31"
94.119.96.3,Web,"5 Nov 2019, 10:10:47"
82.132.213.148,Web,"17 Nov 2019, 13:47:34"
51.6.169.122,Web,"20 Nov 2019, 09:34:37"
51.6.169.122,Web,"6 Dec 2019, 10:33:11"
51.6.169.122,Web,"9 Dec 2019, 16:25:07"
51.6.169.122,Web,"11 Dec 2019, 12:28:52"
51.6.169.122,Web,"15 Dec 2019, 16:30:56"
51.6.169.122,Web,"16 Dec 2019, 12:51:16"
51.6.169.122,Web,"17 Dec 2019, 10:52:28"
51.6.169.122,Web,"17 Dec 2019, 10:52:40"
51.6.169.122,Web,"17 Dec 2019, 15:59:23"
109.150.136.89,Web,"23 Dec 2019, 10:11:06"
109.150.136.89,Web,"24 Dec 2019, 11:53:55"
51.9.155.142,Web,"30 Dec 2019, 09:57:08"
51.9.155.142,Web,"1 Jan 2020, 09:36:42"
51.9.155.142,Web,"1 Jan 2020, 09:45:08"
51.9.155.142,Web,"1 Jan 2020, 09:52:58"
176.12.107.132,Web,"2 Jan 2020, 07:36:49"
82.132.186.95,Web,"4 Jan 2020, 09:55:58"
51.9.155.142,Web,"7 Jan 2020, 12:56:52"
51.9.155.142,Web,"8 Jan 2020, 09:02:31"
51.9.155.142,Web,"13 Jan 2020, 09:41:50"
50.242.78.145,Web,"26 Jan 2020, 15:55:07"
98.210.226.170,Web,"1 Feb 2020, 05:23:25"
51.9.155.142,Web,"4 Feb 2020, 13:47:55"
51.9.155.142,Web,"7 Feb 2020, 12:23:51"
51.9.155.142,Web,"8 Feb 2020, 17:20:35"
51.9.155.142,Web,"17 Feb 2020, 13:55:19"
51.9.155.142,Web,"18 Feb 2020, 19:35:01"
51.9.155.142,Web,"2 Mar 2020, 10:02:10"
51.9.155.142,Web,"5 Mar 2020, 19:30:49"
51.9.155.142,Web,"5 Mar 2020, 19:50:16"
51.9.155.142,Web,"8 Mar 2020, 09:08:45"
51.9.155.142,Web,"15 Mar 2020, 18:40:23"
51.9.155.142,Web,"18 Mar 2020, 09:40:48"
51.9.155.142,Web,"23 Mar 2020, 21:20:26"
51.9.155.142,Web,"24 Mar 2020, 13:16:29"
51.9.155.142,Web,"24 Mar 2020, 17:13:58"
51.9.155.142,Web,"25 Mar 2020, 17:56:59"
51.9.155.142,Web,"27 Mar 2020, 14:14:41"
51.9.155.142,Web,"27 Mar 2020, 20:17:35"
51.9.155.142,Web,"31 Mar 2020, 09:38:37"
51.9.155.142,Web,"31 Mar 2020, 21:09:27"
51.9.155.142,Web,"3 Apr 2020, 09:15:10"
51.9.155.142,Web,"5 Apr 2020, 08:03:53"
51.9.155.142,Web,"6 Apr 2020, 13:21:42"
51.9.155.142,Web,"7 Apr 2020, 13:04:13"
51.9.155.142,Web,"16 Apr 2020, 15:55:29"
51.9.155.142,Web,"22 Apr 2020, 18:19:50"
51.9.155.142,Web,"1 May 2020, 19:41:30"
51.9.155.142,Web,"2 May 2020, 09:31:09"
51.9.155.142,Web,"3 May 2020, 10:22:16"
51.9.155.142,Web,"3 May 2020, 13:05:48"
51.9.155.142,Web,"4 May 2020, 20:42:47"
51.9.155.142,Web,"5 May 2020, 10:51:01"
51.9.155.142,Mobile,"5 May 2020, 12:20:54"
51.9.155.142,Web,"7 May 2020, 18:37:30"
51.9.155.142,Web,"8 May 2020, 08:25:00"
51.9.155.142,Web,"8 May 2020, 17:09:03"
51.9.155.142,Web,"8 May 2020, 17:47:56"
51.9.155.142,Web,"10 May 2020, 07:45:25"
51.9.155.142,Web,"10 May 2020, 16:31:43"
51.9.155.142,Web,"11 May 2020, 07:40:27"
51.9.155.142,Web,"11 May 2020, 12:07:08"
51.9.155.142,Web,"12 May 2020, 08:41:58"
51.9.155.142,Web,"17 May 2020, 08:25:15"
51.9.155.142,Web,"18 May 2020, 13:43:32"
51.9.155.142,Web,"18 May 2020, 13:43:38"
51.9.155.142,Web,"19 May 2020, 06:44:43"
